--
-- PostgreSQL database dump
--

-- Dumped from database version 9.3.5
-- Dumped by pg_dump version 9.3.5
-- Started on 2014-12-23 15:32:22

SET statement_timeout = 0;
SET lock_timeout = 0;
SET client_encoding = 'UTF8';
SET standard_conforming_strings = on;
SET check_function_bodies = false;
SET client_min_messages = warning;

--
-- TOC entry 7 (class 2615 OID 19471)
-- Name: mdis; Type: SCHEMA; Schema: -; Owner: postgres
--

CREATE SCHEMA mdis;


ALTER SCHEMA mdis OWNER TO postgres;

SET search_path = mdis, pg_catalog;

SET default_tablespace = '';

SET default_with_oids = false;

--
-- TOC entry 178 (class 1259 OID 28001)
-- Name: billing_info; Type: TABLE; Schema: mdis; Owner: postgres; Tablespace: 
--

CREATE TABLE billing_info (
    id integer NOT NULL,
    payment_option text,
    institution_name text,
    institution_code text,
    institution_email text,
    institution_billing_address text,
    institution_phone text,
    institution_fax text,
    credit_card_provider text,
    credit_card_no text,
    credit_card_expiration_date date,
    credit_card_cvc text,
    credit_card_billing_address text,
    credit_card_holders_name text,
    insurance_option text,
    insurance_provider text,
    insurance_icd_9_code text,
    insurance_hmo text,
    insurance_policy_number text,
    insurance_ssn text,
    insurance_group_number text,
    insurance_company_name text,
    insurance_phone text,
    insurance_company_address text,
    order_id integer
);


ALTER TABLE mdis.billing_info OWNER TO postgres;

--
-- TOC entry 179 (class 1259 OID 35839)
-- Name: billing_info_seq; Type: SEQUENCE; Schema: mdis; Owner: postgres
--

CREATE SEQUENCE billing_info_seq
    START WITH 1
    INCREMENT BY 1
    NO MINVALUE
    NO MAXVALUE
    CACHE 1;


ALTER TABLE mdis.billing_info_seq OWNER TO postgres;

--
-- TOC entry 176 (class 1259 OID 27775)
-- Name: ethnicity; Type: TABLE; Schema: mdis; Owner: postgres; Tablespace: 
--

CREATE TABLE ethnicity (
    id integer NOT NULL,
    ethnicity_name text,
    ethnicity_code text
);


ALTER TABLE mdis.ethnicity OWNER TO postgres;

--
-- TOC entry 175 (class 1259 OID 27762)
-- Name: order; Type: TABLE; Schema: mdis; Owner: postgres; Tablespace: 
--

CREATE TABLE "order" (
    id integer NOT NULL,
    patient_id integer,
    test_name text,
    test_date date,
    order_status text,
    submitted_by integer
);


ALTER TABLE mdis."order" OWNER TO postgres;

--
-- TOC entry 180 (class 1259 OID 35847)
-- Name: order_history; Type: TABLE; Schema: mdis; Owner: postgres; Tablespace: 
--

CREATE TABLE order_history (
    id integer NOT NULL,
    order_status text,
    updated_by integer,
    order_id integer
);


ALTER TABLE mdis.order_history OWNER TO postgres;

--
-- TOC entry 182 (class 1259 OID 35869)
-- Name: order_history_seq; Type: SEQUENCE; Schema: mdis; Owner: postgres
--

CREATE SEQUENCE order_history_seq
    START WITH 1
    INCREMENT BY 1
    NO MINVALUE
    NO MAXVALUE
    CACHE 1;


ALTER TABLE mdis.order_history_seq OWNER TO postgres;

--
-- TOC entry 181 (class 1259 OID 35867)
-- Name: order_sequence; Type: SEQUENCE; Schema: mdis; Owner: postgres
--

CREATE SEQUENCE order_sequence
    START WITH 1
    INCREMENT BY 1
    NO MINVALUE
    NO MAXVALUE
    CACHE 1;


ALTER TABLE mdis.order_sequence OWNER TO postgres;

--
-- TOC entry 172 (class 1259 OID 27733)
-- Name: patient; Type: TABLE; Schema: mdis; Owner: postgres; Tablespace: 
--

CREATE TABLE patient (
    id integer NOT NULL,
    last_name text,
    first_name text,
    middle_initial text,
    date_of_birth date,
    gender text,
    medical_record_number text,
    ethnicity text,
    accession_no text,
    hospital_no text
);


ALTER TABLE mdis.patient OWNER TO postgres;

--
-- TOC entry 174 (class 1259 OID 27749)
-- Name: patient_family_history; Type: TABLE; Schema: mdis; Owner: postgres; Tablespace: 
--

CREATE TABLE patient_family_history (
    id integer NOT NULL,
    patient_id integer,
    personal_type_of_cancer text,
    personal_cancer_location text,
    person_diagnosis_age text,
    family_history_notes text,
    family_mutation_gene_name text,
    family_mutation_gene_variant text,
    symptomatic boolean,
    proband_name text,
    proband_relationship text,
    bcm_lab_no text
);


ALTER TABLE mdis.patient_family_history OWNER TO postgres;

--
-- TOC entry 184 (class 1259 OID 35873)
-- Name: patient_family_history_seq; Type: SEQUENCE; Schema: mdis; Owner: postgres
--

CREATE SEQUENCE patient_family_history_seq
    START WITH 1
    INCREMENT BY 1
    NO MINVALUE
    NO MAXVALUE
    CACHE 1;


ALTER TABLE mdis.patient_family_history_seq OWNER TO postgres;

--
-- TOC entry 183 (class 1259 OID 35871)
-- Name: patient_seq; Type: SEQUENCE; Schema: mdis; Owner: postgres
--

CREATE SEQUENCE patient_seq
    START WITH 1
    INCREMENT BY 1
    NO MINVALUE
    NO MAXVALUE
    CACHE 1;


ALTER TABLE mdis.patient_seq OWNER TO postgres;

--
-- TOC entry 173 (class 1259 OID 27741)
-- Name: physician; Type: TABLE; Schema: mdis; Owner: postgres; Tablespace: 
--

CREATE TABLE physician (
    id integer NOT NULL,
    name text,
    institution text,
    phone text,
    email text,
    fax text
);


ALTER TABLE mdis.physician OWNER TO postgres;

--
-- TOC entry 185 (class 1259 OID 35875)
-- Name: physician_seq; Type: SEQUENCE; Schema: mdis; Owner: postgres
--

CREATE SEQUENCE physician_seq
    START WITH 1
    INCREMENT BY 1
    NO MINVALUE
    NO MAXVALUE
    CACHE 1;


ALTER TABLE mdis.physician_seq OWNER TO postgres;

--
-- TOC entry 187 (class 1259 OID 36044)
-- Name: report; Type: TABLE; Schema: mdis; Owner: postgres; Tablespace: 
--

CREATE TABLE report (
    id integer NOT NULL,
    path text
);


ALTER TABLE mdis.report OWNER TO postgres;

--
-- TOC entry 188 (class 1259 OID 36053)
-- Name: report_seq; Type: SEQUENCE; Schema: mdis; Owner: postgres
--

CREATE SEQUENCE report_seq
    START WITH 1
    INCREMENT BY 1
    NO MINVALUE
    NO MAXVALUE
    CACHE 1;


ALTER TABLE mdis.report_seq OWNER TO postgres;

--
-- TOC entry 171 (class 1259 OID 19475)
-- Name: system_user; Type: TABLE; Schema: mdis; Owner: postgres; Tablespace: 
--

CREATE TABLE system_user (
    id integer NOT NULL,
    user_name character varying(250),
    password character varying(250),
    first_name character varying(250),
    last_name character varying
);


ALTER TABLE mdis.system_user OWNER TO postgres;

--
-- TOC entry 186 (class 1259 OID 35877)
-- Name: system_user_seq; Type: SEQUENCE; Schema: mdis; Owner: postgres
--

CREATE SEQUENCE system_user_seq
    START WITH 1
    INCREMENT BY 1
    NO MINVALUE
    NO MAXVALUE
    CACHE 1;


ALTER TABLE mdis.system_user_seq OWNER TO postgres;

--
-- TOC entry 177 (class 1259 OID 27783)
-- Name: test_name; Type: TABLE; Schema: mdis; Owner: postgres; Tablespace: 
--

CREATE TABLE test_name (
    id integer NOT NULL,
    test_name text
);


ALTER TABLE mdis.test_name OWNER TO postgres;

--
-- TOC entry 2028 (class 0 OID 28001)
-- Dependencies: 178
-- Data for Name: billing_info; Type: TABLE DATA; Schema: mdis; Owner: postgres
--

COPY billing_info (id, payment_option, institution_name, institution_code, institution_email, institution_billing_address, institution_phone, institution_fax, credit_card_provider, credit_card_no, credit_card_expiration_date, credit_card_cvc, credit_card_billing_address, credit_card_holders_name, insurance_option, insurance_provider, insurance_icd_9_code, insurance_hmo, insurance_policy_number, insurance_ssn, insurance_group_number, insurance_company_name, insurance_phone, insurance_company_address, order_id) FROM stdin;
1	Institution	sads	adsad	sadasd	asdsadas	asdsa	asdas	\N	\N	\N	\N	\N	\N	\N	\N	\N	\N	\N	\N	\N	\N	\N	\N	\N
51	Institution	sads	adsad	sadasd	asdsadas	asdsa	asdas	\N	\N	\N	\N	\N	\N	\N	\N	\N	\N	\N	\N	\N	\N	\N	\N	\N
101	Institution	sads	adsad	sadasd	asdsadas	asdsa	asdas	\N	\N	\N	\N	\N	\N	\N	\N	\N	\N	\N	\N	\N	\N	\N	\N	\N
102	Institution	sadsad	asdsa	sadsa	dsadsadsa	asdsa	sada	\N	\N	\N	\N	\N	\N	\N	\N	\N	\N	\N	\N	\N	\N	\N	\N	104
103	Institution	BCBS	BCBS1221	customercare@bcbs.com	BCBS,Grant St,Buffalo NY	121-3232-434	232-454-121	\N	\N	\N	\N	\N	\N	\N	\N	\N	\N	\N	\N	\N	\N	\N	\N	105
104	Institution	sad	sadsad	sadsa	dsadsad	sadsadsa	sadsa	\N	\N	\N	\N	\N	\N	\N	\N	\N	\N	\N	\N	\N	\N	\N	\N	106
105	Institution	sad	sadsad	sadsa	dsadsad	sadsadsa	sadsa	\N	\N	\N	\N	\N	\N	\N	\N	\N	\N	\N	\N	\N	\N	\N	\N	107
106	Institution	asdsa	dsadsad	sadsa	dsadsad	asdsad	sadsad	\N	\N	\N	\N	\N	\N	\N	\N	\N	\N	\N	\N	\N	\N	\N	\N	108
107	Institution	asdsa	dsadsad	sadsa	dsadsad	asdsad	sadsad	\N	\N	\N	\N	\N	\N	\N	\N	\N	\N	\N	\N	\N	\N	\N	\N	109
108	Institution	sads	adsad	sadsadsa	sdsa	dsad	asdsad	\N	\N	\N	\N	\N	\N	\N	\N	\N	\N	\N	\N	\N	\N	\N	\N	110
109	Institution	sads	adsad	sadsadsa	sdsa	dsad	asdsad	\N	\N	\N	\N	\N	\N	\N	\N	\N	\N	\N	\N	\N	\N	\N	\N	111
110	Institution	asd	sadsad	asdsad	sadsa	dsadsa	dsad	\N	\N	\N	\N	\N	\N	\N	\N	\N	\N	\N	\N	\N	\N	\N	\N	112
111	Institution	asd	sadsad	asdsad	sadsa	dsadsa	dsad	\N	\N	\N	\N	\N	\N	\N	\N	\N	\N	\N	\N	\N	\N	\N	\N	113
112	Institution	asdsa	sad	sadsad	asdsad	sadsadas	sadsad	\N	\N	\N	\N	\N	\N	\N	\N	\N	\N	\N	\N	\N	\N	\N	\N	114
113	Institution	sadsa	dsa	sadsa	asd	sdsad	sad	\N	\N	\N	\N	\N	\N	\N	\N	\N	\N	\N	\N	\N	\N	\N	\N	116
114	Institution	sadsa	dsad	asdsa	dsad	sadsa	asdsa	\N	\N	\N	\N	\N	\N	\N	\N	\N	\N	\N	\N	\N	\N	\N	\N	117
115	Institution	hh	h	h	hh	h	hhh	\N	\N	\N	\N	\N	\N	\N	\N	\N	\N	\N	\N	\N	\N	\N	\N	118
116	Insurance	\N	\N	\N	\N	\N	\N	\N	\N	\N	\N	\N	\N	withPreAuth	hh	hh	hh	hh	hh	hh	hh	hh	hh	119
117	Insurance	\N	\N	\N	\N	\N	\N	\N	\N	\N	\N	\N	\N	withPreAuth	y	y	y	y	y	y	y	y	y	120
118	Insurance	\N	\N	\N	\N	\N	\N	\N	\N	\N	\N	\N	\N	withPreAuth	y	y	y	y	y	y	y	y	y	121
119	Insurance	\N	\N	\N	\N	\N	\N	\N	\N	\N	\N	\N	\N	withPreAuth	b	b	b	b	b	b	b	b	b	122
120	Institution	woohoo	woohoo	woohoo	woohoo	woohoo	woohoo	\N	\N	\N	\N	\N	\N	\N	\N	\N	\N	\N	\N	\N	\N	\N	\N	123
121	Institution	asds	adsad	sadas	das	asdsa	asdsa	\N	\N	\N	\N	\N	\N	\N	\N	\N	\N	\N	\N	\N	\N	\N	\N	124
122	Institution	asds	adsad	sadas	das	asdsa	asdsa	\N	\N	\N	\N	\N	\N	\N	\N	\N	\N	\N	\N	\N	\N	\N	\N	125
\.


--
-- TOC entry 2043 (class 0 OID 0)
-- Dependencies: 179
-- Name: billing_info_seq; Type: SEQUENCE SET; Schema: mdis; Owner: postgres
--

SELECT pg_catalog.setval('billing_info_seq', 122, true);


--
-- TOC entry 2026 (class 0 OID 27775)
-- Dependencies: 176
-- Data for Name: ethnicity; Type: TABLE DATA; Schema: mdis; Owner: postgres
--

COPY ethnicity (id, ethnicity_name, ethnicity_code) FROM stdin;
\.


--
-- TOC entry 2025 (class 0 OID 27762)
-- Dependencies: 175
-- Data for Name: order; Type: TABLE DATA; Schema: mdis; Owner: postgres
--

COPY "order" (id, patient_id, test_name, test_date, order_status, submitted_by) FROM stdin;
1	351	Test1	\N	New Order	1
51	401	Test1	\N	New Order	1
101	451	Test1	\N	New Order	1
102	452	Test1	2014-12-13	New Order	1
103	453	Test1	2014-12-13	New Order	1
104	454	Test1	2014-12-13	New Order	1
105	455	Test1	2014-12-19	New Order	1
106	456	Test1	2014-12-12	New Order	1
107	457	Test1	2014-12-12	New Order	1
108	458	Test2	2014-12-12	New Order	1
109	459	Test2	2014-12-12	New Order	1
110	460	Test1	2014-12-12	New Order	1
111	461	Test1	2014-12-12	New Order	1
112	462	Test1	2014-12-07	New Order	1
113	463	Test1	2014-12-07	New Order	1
114	464	Test1	2014-12-12	New Order	1
115	465	Test2	2014-12-18	New Order	1
116	467	Test1	2014-12-12	New Order	1
117	468	Test2	2014-12-12	New Order	1
118	469	Test1	2014-12-19	New Order	1
119	470	Test1	2014-12-19	New Order	1
120	471	Test1	2014-12-13	New Order	1
121	472	Test1	2014-12-13	New Order	1
122	473	Test2	2014-12-18	New Order	1
123	474	Test1	2014-12-13	New Order	1
124	475	Test1	2014-12-07	New Order	1
125	476	Test1	2014-12-07	New Order	1
\.


--
-- TOC entry 2030 (class 0 OID 35847)
-- Dependencies: 180
-- Data for Name: order_history; Type: TABLE DATA; Schema: mdis; Owner: postgres
--

COPY order_history (id, order_status, updated_by, order_id) FROM stdin;
\.


--
-- TOC entry 2044 (class 0 OID 0)
-- Dependencies: 182
-- Name: order_history_seq; Type: SEQUENCE SET; Schema: mdis; Owner: postgres
--

SELECT pg_catalog.setval('order_history_seq', 1, false);


--
-- TOC entry 2045 (class 0 OID 0)
-- Dependencies: 181
-- Name: order_sequence; Type: SEQUENCE SET; Schema: mdis; Owner: postgres
--

SELECT pg_catalog.setval('order_sequence', 125, true);


--
-- TOC entry 2022 (class 0 OID 27733)
-- Dependencies: 172
-- Data for Name: patient; Type: TABLE DATA; Schema: mdis; Owner: postgres
--

COPY patient (id, last_name, first_name, middle_initial, date_of_birth, gender, medical_record_number, ethnicity, accession_no, hospital_no) FROM stdin;
1	sdsa	dsadsa	sa	2014-12-05	Male	sdsadsa	ASIAN	dsadsa	dsadsa
51	sdsa	dsadsa	sa	2014-12-05	Male	sdsadsa	ASIAN	dsadsa	dsadsa
101	sdsa	dsadsa	sa	2014-12-05	Male	sdsadsa	ASIAN	dsadsa	dsadsa
151	sdsa	dsadsa	sa	2014-12-05	Male	sdsadsa	ASIAN	dsadsa	dsadsa
152	sdsa	dsadsa	sa	2014-12-05	Male	sdsadsa	ASIAN	dsadsa	dsadsa
153	sdsa	dsadsa	sa	2014-12-05	Male	sdsadsa	ASIAN	dsadsa	dsadsa
201	sdsa	dsadsa	sa	2014-12-05	Male	sdsadsa	ASIAN	dsadsa	dsadsa
251	sdsa	dsadsa	sa	2014-12-05	Male	sdsadsa	ASIAN	dsadsa	dsadsa
301	sdsa	dsadsa	sa	2014-12-05	Male	sdsadsa	ASIAN	dsadsa	dsadsa
351	sdsa	dsadsa	sa	2014-12-05	Male	sdsadsa	ASIAN	dsadsa	dsadsa
401	hjkhj	kjhh	as	2014-12-11	Male	sadsa	ASHKENAZIC JEWISH	sadsa	dsad
451	hjkhj	kjhh	as	2014-12-11	Male	sadsa	ASHKENAZIC JEWISH	sadsa	dsad
452	hjkhj	kjhh	as	2014-12-11	Male	sadsa	ASHKENAZIC JEWISH	sadsa	dsad
453	hjkhj	kjhh	as	2014-12-11	Male	sadsa	ASHKENAZIC JEWISH	sadsa	dsad
454	hjkhj	kjhh	as	2014-12-11	Male	sadsa	ASHKENAZIC JEWISH	sadsa	dsad
455	Coulson	Philip	M	1989-05-11	Male	MRN2100012	EUROPEAN CAUCASIAN	ACC2432432	HOS12121
456	asdsa	dsadsad	as	2014-12-12	Female	sadsa	ASHKENAZIC JEWISH	sadsa	dsad
457	asdsa	dsadsad	as	2014-12-12	Female	sadsa	ASHKENAZIC JEWISH	sadsa	dsad
458	asdsa	dsad	sa	2014-12-11	Female	sad	ASIAN	dsadsa	sadsa
459	asdsa	dsad	sa	2014-12-11	Female	sad	ASIAN	dsadsa	sadsa
460	sdsa	dsadsa	ds	2014-12-06	Male	sad	ASHKENAZIC JEWISH	sadsa	sadsad
461	sdsa	dsadsa	ds	2014-12-06	Male	sad	ASHKENAZIC JEWISH	sadsa	sadsad
462	sad	sadsa	ds	2014-12-13	Male	sa	ASIAN	dsad	dsadsa
463	sad	sadsa	ds	2014-12-13	Male	sa	ASIAN	dsad	dsadsa
464	adssa	asda	sd	2014-12-12	Female	asdsa	ASIAN	asdas	sadsa
465	aa	aa	aa	2014-12-13	Female	aa	EUROPEAN CAUCASIAN	aa	aa
466	asda	dsadsa	as	2014-12-19	Female	sad	ASHKENAZIC JEWISH	asad	sads
467	asda	dsadsa	as	2014-12-19	Female	sad	ASHKENAZIC JEWISH	asad	sads
468	ASA	ASA	AS	2014-12-06	Male	sada	EUROPEAN CAUCASIAN	sadsadsa	dsad
469	hh	hh	hh	2014-12-13	Female	hh	ASHKENAZIC JEWISH	hh	hh
470	hh	hh	hh	2014-12-13	Female	hh	ASHKENAZIC JEWISH	hh	hh
471	yy	yy	yy	2014-12-27	Male	yy	AFRICAN AMERICAN	yy	yy
472	yy	yy	yy	2014-12-27	Male	yy	AFRICAN AMERICAN	yy	yy
473	bb	b	bb	2014-12-04	Female	b	ASHKENAZIC JEWISH	b	b
474	woohoo	woohoo	wo	2014-12-19	Male	woohoo	ASHKENAZIC JEWISH	woohoo	woohoo
475	asd	sadsad	sa	2014-12-13	Male	asdsa	EUROPEAN CAUCASIAN	sadsa	dsad
476	asd	sadsad	sa	2014-12-13	Male	asdsa	EUROPEAN CAUCASIAN	sadsa	dsad
\.


--
-- TOC entry 2024 (class 0 OID 27749)
-- Dependencies: 174
-- Data for Name: patient_family_history; Type: TABLE DATA; Schema: mdis; Owner: postgres
--

COPY patient_family_history (id, patient_id, personal_type_of_cancer, personal_cancer_location, person_diagnosis_age, family_history_notes, family_mutation_gene_name, family_mutation_gene_variant, symptomatic, proband_name, proband_relationship, bcm_lab_no) FROM stdin;
201	301	sdsad	sadsad	sadsa	sadasd	asdsa	sadsa	f	sdsad	sadsa	dasdsa
251	351	sdsad	sadsad	sadsa	sadasd	asdsa	sadsa	f	sdsad	sadsa	dasdsa
301	401	asdsa	dsa	sdas	dsasa	asd	sadsad	f	sadsa	asdas	sadsa
351	451	asdsa	dsa	sdas	dsasa	asd	sadsad	f	sadsa	asdas	sadsa
352	452	asdsa	dsa	sdas	dsasa	asd	sadsad	f	sadsa	asdas	sadsa
353	453	asdsa	dsa	sdas	dsasa	asd	sadsad	f	sadsa	asdas	sadsa
354	454	asdsa	dsa	sdas	dsasa	asd	sadsad	f	sadsa	asdas	sadsa
355	455	Melanoma	Skin	23	NA	HDA41	VAR1	f	Proband	Brother	LAB1241
356	456	asd	sadsad	sadsad	sadsa	asdsa	dsad	f	sadsa	dsadsa	dsa
357	457	asd	sadsad	sadsad	sadsa	asdsa	dsad	f	sadsa	dsadsa	dsa
358	458	sadasd	sdsa	dsadas	asdsad	sadsa	dsad	f	asdsa	asdsa	dsad
359	459	sadasd	sdsa	dsadas	asdsad	sadsa	dsad	f	asdsa	asdsa	dsad
360	460	sadsa	sadsa	asdsa	dsad	asdsa	asdas	f	sadsa	dsad	sdaas
361	461	sadsa	sadsa	asdsa	dsad	asdsa	asdas	f	sadsa	dsad	sdaas
362	462	sadsa	dsad	asdsad	asda	asda	sdsad	f	sads	adsa	dsa
363	463	sadsa	dsad	asdsad	asda	asda	sdsad	f	sads	adsa	dsa
364	464	asdsa	dsadas	dsasada	sdsad	asdsa	dsadsa	f	sadsa	dsad	sadsad
365	465	aa	aa	aa	aa	aa	aa	f	aa	aa	aa
366	466	asdas	sadsad	asdsad	sad	asdsa	sad	f	asdsa	sad	sad
367	467	asdas	sadsad	asdsad	sad	asdsa	sad	f	asdsa	sad	sad
368	468	asdsad	sadas	sadsad	sadsa	asdsad	sad	f	sad	asdsa	dsa
369	469	hh	hh	hh	hh	hh	h	f	hh	hhhh	hh
370	470	hh	hh	hh	hh	hh	h	f	hh	hhhh	hh
371	471	yy	yy	yy	y	yy	y	f	y	y	y
372	472	yy	yy	yy	y	yy	y	f	y	y	y
373	473	b	b	b	b	b	b	f	b	b	b
374	474	woohoo	woohoo	woohoo	woohoo	woohoo	woohoo	f	woohoo	woohoo	woohoo
375	475	asdsa	dsa	asdsa	asdsa	asd	sadsa	f	sadsa	asd	sadsa
376	476	asdsa	dsa	asdsa	asdsa	asd	sadsa	f	sadsa	asd	sadsa
\.


--
-- TOC entry 2046 (class 0 OID 0)
-- Dependencies: 184
-- Name: patient_family_history_seq; Type: SEQUENCE SET; Schema: mdis; Owner: postgres
--

SELECT pg_catalog.setval('patient_family_history_seq', 376, true);


--
-- TOC entry 2047 (class 0 OID 0)
-- Dependencies: 183
-- Name: patient_seq; Type: SEQUENCE SET; Schema: mdis; Owner: postgres
--

SELECT pg_catalog.setval('patient_seq', 476, true);


--
-- TOC entry 2023 (class 0 OID 27741)
-- Dependencies: 173
-- Data for Name: physician; Type: TABLE DATA; Schema: mdis; Owner: postgres
--

COPY physician (id, name, institution, phone, email, fax) FROM stdin;
1	Dr Mark Antony	Memorial Sloan Kettering Cancer Center	202-555-0139	mark.antony@mskcc.org	404-555-0124
2	Dr Homer Simpson	University of Texas MD Anderson Cancer Center	202-555-0163	homer.simpson@utacc.org	404-555-0178
3	Dr Melinda May	Mayo Clinic	202-555-0135	may.melinda@myc.org	404-555-0102
4	Dr Nick Fury	Johns Hopkins Hospital	202-555-0100	fury.nick@jhh.org	404-555-0157
\.


--
-- TOC entry 2048 (class 0 OID 0)
-- Dependencies: 185
-- Name: physician_seq; Type: SEQUENCE SET; Schema: mdis; Owner: postgres
--

SELECT pg_catalog.setval('physician_seq', 1, false);


--
-- TOC entry 2037 (class 0 OID 36044)
-- Dependencies: 187
-- Data for Name: report; Type: TABLE DATA; Schema: mdis; Owner: postgres
--

COPY report (id, path) FROM stdin;
1	C:/Users/Mohammed/Desktop/Reports/woohoo_woohoo_Test1_23122014.pdf
2	C:\\Users\\Mohammed\\Desktop\\Reports\\sadsad_asd_Test1_23122014.pdf
\.


--
-- TOC entry 2049 (class 0 OID 0)
-- Dependencies: 188
-- Name: report_seq; Type: SEQUENCE SET; Schema: mdis; Owner: postgres
--

SELECT pg_catalog.setval('report_seq', 2, true);


--
-- TOC entry 2021 (class 0 OID 19475)
-- Dependencies: 171
-- Data for Name: system_user; Type: TABLE DATA; Schema: mdis; Owner: postgres
--

COPY system_user (id, user_name, password, first_name, last_name) FROM stdin;
1	joy_hoffmann	password	Joy	Hoffmann
\.


--
-- TOC entry 2050 (class 0 OID 0)
-- Dependencies: 186
-- Name: system_user_seq; Type: SEQUENCE SET; Schema: mdis; Owner: postgres
--

SELECT pg_catalog.setval('system_user_seq', 1, false);


--
-- TOC entry 2027 (class 0 OID 27783)
-- Dependencies: 177
-- Data for Name: test_name; Type: TABLE DATA; Schema: mdis; Owner: postgres
--

COPY test_name (id, test_name) FROM stdin;
\.


--
-- TOC entry 1900 (class 2606 OID 28008)
-- Name: Billing PK; Type: CONSTRAINT; Schema: mdis; Owner: postgres; Tablespace: 
--

ALTER TABLE ONLY billing_info
    ADD CONSTRAINT "Billing PK" PRIMARY KEY (id);


--
-- TOC entry 1907 (class 2606 OID 36052)
-- Name: PK; Type: CONSTRAINT; Schema: mdis; Owner: postgres; Tablespace: 
--

ALTER TABLE ONLY report
    ADD CONSTRAINT "PK" PRIMARY KEY (id);


--
-- TOC entry 1891 (class 2606 OID 27756)
-- Name: Patient Family History PK; Type: CONSTRAINT; Schema: mdis; Owner: postgres; Tablespace: 
--

ALTER TABLE ONLY patient_family_history
    ADD CONSTRAINT "Patient Family History PK" PRIMARY KEY (id);


--
-- TOC entry 1896 (class 2606 OID 27779)
-- Name: ethnicity PK; Type: CONSTRAINT; Schema: mdis; Owner: postgres; Tablespace: 
--

ALTER TABLE ONLY ethnicity
    ADD CONSTRAINT "ethnicity PK" PRIMARY KEY (id);


--
-- TOC entry 1894 (class 2606 OID 27769)
-- Name: order PK; Type: CONSTRAINT; Schema: mdis; Owner: postgres; Tablespace: 
--

ALTER TABLE ONLY "order"
    ADD CONSTRAINT "order PK" PRIMARY KEY (id);


--
-- TOC entry 1905 (class 2606 OID 35854)
-- Name: order_history PK; Type: CONSTRAINT; Schema: mdis; Owner: postgres; Tablespace: 
--

ALTER TABLE ONLY order_history
    ADD CONSTRAINT "order_history PK" PRIMARY KEY (id);


--
-- TOC entry 1887 (class 2606 OID 27740)
-- Name: patient PK; Type: CONSTRAINT; Schema: mdis; Owner: postgres; Tablespace: 
--

ALTER TABLE ONLY patient
    ADD CONSTRAINT "patient PK" PRIMARY KEY (id);


--
-- TOC entry 1889 (class 2606 OID 27748)
-- Name: physician PK; Type: CONSTRAINT; Schema: mdis; Owner: postgres; Tablespace: 
--

ALTER TABLE ONLY physician
    ADD CONSTRAINT "physician PK" PRIMARY KEY (id);


--
-- TOC entry 1885 (class 2606 OID 19482)
-- Name: primary key; Type: CONSTRAINT; Schema: mdis; Owner: postgres; Tablespace: 
--

ALTER TABLE ONLY system_user
    ADD CONSTRAINT "primary key" PRIMARY KEY (id);


--
-- TOC entry 1898 (class 2606 OID 27790)
-- Name: test PK; Type: CONSTRAINT; Schema: mdis; Owner: postgres; Tablespace: 
--

ALTER TABLE ONLY test_name
    ADD CONSTRAINT "test PK" PRIMARY KEY (id);


--
-- TOC entry 1892 (class 1259 OID 27841)
-- Name: fki_Submitted by FK; Type: INDEX; Schema: mdis; Owner: postgres; Tablespace: 
--

CREATE INDEX "fki_Submitted by FK" ON "order" USING btree (submitted_by);


--
-- TOC entry 1901 (class 1259 OID 35897)
-- Name: fki_order ID FK; Type: INDEX; Schema: mdis; Owner: postgres; Tablespace: 
--

CREATE INDEX "fki_order ID FK" ON billing_info USING btree (order_id);


--
-- TOC entry 1902 (class 1259 OID 35866)
-- Name: fki_order id FK; Type: INDEX; Schema: mdis; Owner: postgres; Tablespace: 
--

CREATE INDEX "fki_order id FK" ON order_history USING btree (order_id);


--
-- TOC entry 1903 (class 1259 OID 35860)
-- Name: fki_updated by FK; Type: INDEX; Schema: mdis; Owner: postgres; Tablespace: 
--

CREATE INDEX "fki_updated by FK" ON order_history USING btree (updated_by);


--
-- TOC entry 1908 (class 2606 OID 27757)
-- Name: Patient History FK; Type: FK CONSTRAINT; Schema: mdis; Owner: postgres
--

ALTER TABLE ONLY patient_family_history
    ADD CONSTRAINT "Patient History FK" FOREIGN KEY (patient_id) REFERENCES patient(id);


--
-- TOC entry 1910 (class 2606 OID 27836)
-- Name: Submitted by FK; Type: FK CONSTRAINT; Schema: mdis; Owner: postgres
--

ALTER TABLE ONLY "order"
    ADD CONSTRAINT "Submitted by FK" FOREIGN KEY (submitted_by) REFERENCES system_user(id);


--
-- TOC entry 1911 (class 2606 OID 35892)
-- Name: order ID FK; Type: FK CONSTRAINT; Schema: mdis; Owner: postgres
--

ALTER TABLE ONLY billing_info
    ADD CONSTRAINT "order ID FK" FOREIGN KEY (order_id) REFERENCES "order"(id);


--
-- TOC entry 1913 (class 2606 OID 35861)
-- Name: order id FK; Type: FK CONSTRAINT; Schema: mdis; Owner: postgres
--

ALTER TABLE ONLY order_history
    ADD CONSTRAINT "order id FK" FOREIGN KEY (order_id) REFERENCES "order"(id);


--
-- TOC entry 1909 (class 2606 OID 27770)
-- Name: patient PK; Type: FK CONSTRAINT; Schema: mdis; Owner: postgres
--

ALTER TABLE ONLY "order"
    ADD CONSTRAINT "patient PK" FOREIGN KEY (patient_id) REFERENCES patient(id);


--
-- TOC entry 1912 (class 2606 OID 35855)
-- Name: updated by FK; Type: FK CONSTRAINT; Schema: mdis; Owner: postgres
--

ALTER TABLE ONLY order_history
    ADD CONSTRAINT "updated by FK" FOREIGN KEY (updated_by) REFERENCES system_user(id);


-- Completed on 2014-12-23 15:32:23

--
-- PostgreSQL database dump complete
--

